batch,source,experiment,fps,resolution,variant,camera_model,mesh_mode,model_stage,status,runtime_s,runtime_source,evaluation_frames,empty_fraction,psnr_masked,ssim_masked,lpips_masked,quality_index,quality_per_minute,failure_reason
matrix_full_pipe,previous batch,2fps/720p/simple_radial_a,2,720p,simple_radial_a,SIMPLE_RADIAL,original_gs,sts,success,1802,pipeline_run step sum,12,0.0,26.338203632415798,0.831955740849177,0.12186835613101721,28.062614389376595,0.9343822771157578,
matrix_full_pipe,previous batch,2fps/low/simple_radial_a,2,low,simple_radial_a,SIMPLE_RADIAL,original_gs,sts,failed,1001,pipeline_run step sum,,0.020833333333333332,,,,,,Error: Empty evaluation mask for 00056.jpg
matrix_full_pipe,previous batch,2fps/qhd/simple_radial_a,2,qhd,simple_radial_a,SIMPLE_RADIAL,original_gs,sts,failed,1399,pipeline_run step sum,,0.020833333333333332,,,,,,Error: Empty evaluation mask for 00056.jpg
matrix_full_pipe,previous batch,5fps/720p/simple_radial_a,5,720p,simple_radial_a,SIMPLE_RADIAL,original_gs,sts,success,1975,pipeline_run step sum,30,0.0,29.41639447787539,0.8947424829006195,0.12371772788465023,67.55491752539979,2.05230129191088,
matrix_full_pipe,previous batch,5fps/low/simple_radial_a,5,low,simple_radial_a,SIMPLE_RADIAL,original_gs,sts,success,1097,pipeline_run step sum,30,0.0,29.788966266029643,0.9295712947845459,0.08216406976183256,97.35591625867227,5.3248450095900965,
matrix_full_pipe,previous batch,5fps/qhd/simple_radial_a,5,qhd,simple_radial_a,SIMPLE_RADIAL,original_gs,sts,success,1559,pipeline_run step sum,30,0.008333333333333333,28.299244529250423,0.8848738173643748,0.11927219728628795,58.00427914128176,2.232364816213538,
matrix_rest,matrix_rest,2fps/720p/opencv_a,2,720p,opencv_a,OPENCV,original_gs,sts,success,1860,pipeline_run step sum,12,0.0,26.092518307639192,0.8309313009182612,0.12672276174028715,23.66212158548854,0.7632942446931786,
matrix_rest,matrix_rest,2fps/720p/pinhole_a,2,720p,pinhole_a,PINHOLE,original_gs,sts,success,1917,pipeline_run step sum,12,0.0,26.542144625605363,0.8285634219646454,0.12690218910574913,26.688581501361963,0.8353233646748658,
matrix_rest,matrix_rest,2fps/720p/simple_radial_sugar,2,720p,simple_radial_sugar,SIMPLE_RADIAL,sugar_coarse,sts,failed,2072,pipeline_run step sum,12,0.0,26.643571416065537,0.8306077867746353,0.1218928440163533,,,SuGaR render helper import failed: sugar_scene unavailable
matrix_rest,matrix_rest,2fps/low/opencv_a,2,low,opencv_a,OPENCV,original_gs,sts,success,1134,pipeline_run step sum,12,0.020833333333333332,27.519740001243107,0.8680382470289866,0.09497065624843042,58.30644140819323,3.0849968999044037,
matrix_rest,matrix_rest,2fps/low/pinhole_a,2,low,pinhole_a,PINHOLE,original_gs,sts,success,1278,pipeline_run step sum,12,0.020833333333333332,26.218223346544956,0.8198513450721899,0.11265755817294121,28.232001267165785,1.3254460688810228,
matrix_rest,matrix_rest,2fps/low/simple_radial_sugar,2,low,simple_radial_sugar,SIMPLE_RADIAL,sugar_coarse,sts,failed,1125,pipeline_run step sum,12,0.020833333333333332,27.586205305511566,0.8665877083937327,0.08673785626888275,,,SuGaR render helper import failed: sugar_scene unavailable
matrix_rest,matrix_rest,2fps/qhd/opencv_a,2,qhd,opencv_a,OPENCV,original_gs,sts,success,1509,pipeline_run step sum,12,0.020833333333333332,27.36821419764969,0.8470893651247025,0.10358844542255004,48.20938123497987,1.916874005366993,
matrix_rest,matrix_rest,2fps/qhd/pinhole_a,2,qhd,pinhole_a,PINHOLE,original_gs,sts,success,1598,pipeline_run step sum,12,0.020833333333333332,25.917121142683843,0.7953506385286649,0.11930196235577266,16.92722082104076,0.6355652373356981,
matrix_rest,matrix_rest,2fps/qhd/simple_radial_sugar,2,qhd,simple_radial_sugar,SIMPLE_RADIAL,sugar_coarse,sts,failed,1576,pipeline_run step sum,12,0.020833333333333332,27.119637679113307,0.8399685497085253,0.09755255018050472,,,SuGaR render helper import failed: sugar_scene unavailable
matrix_rest,matrix_rest,5fps/720p/opencv_a,5,720p,opencv_a,OPENCV,original_gs,sts,success,1930,pipeline_run step sum,30,0.0,29.756000516272163,0.9013295888900756,0.11802495494484902,74.43498906644732,2.31404111087401,
matrix_rest,matrix_rest,5fps/720p/pinhole_a,5,720p,pinhole_a,PINHOLE,original_gs,sts,success,2089,pipeline_run step sum,30,0.0,26.57282792490634,0.8203819960355758,0.15761946799854437,11.39712239497846,0.3273467418375814,
matrix_rest,matrix_rest,5fps/720p/simple_radial_sugar,5,720p,simple_radial_sugar,SIMPLE_RADIAL,sugar_coarse,sts,failed,2241,pipeline_run step sum,30,0.0,29.33740954963191,0.8962395787239075,0.12227115109562874,,,SuGaR render helper import failed: sugar_scene unavailable
matrix_rest,matrix_rest,5fps/low/opencv_a,5,low,opencv_a,OPENCV,original_gs,sts,success,1076,pipeline_run step sum,30,0.0,29.993539071741456,0.9335996011892954,0.08218505686769882,99.9907286925536,5.575691191034587,
matrix_rest,matrix_rest,5fps/low/pinhole_a,5,low,pinhole_a,PINHOLE,original_gs,sts,success,1387,pipeline_run step sum,30,0.0,26.59301838610231,0.851985598107179,0.12276924836138885,34.57770073951736,1.4957909476359348,
matrix_rest,matrix_rest,5fps/low/simple_radial_sugar,5,low,simple_radial_sugar,SIMPLE_RADIAL,sugar_coarse,sts,failed,1274,pipeline_run step sum,30,0.0,29.666982929568185,0.929531580209732,0.0827192027742664,,,SuGaR render helper import failed: sugar_scene unavailable
matrix_rest,matrix_rest,5fps/qhd/opencv_a,5,qhd,opencv_a,OPENCV,original_gs,sts,success,1569,pipeline_run step sum,30,0.008333333333333333,27.688392915735324,0.8647993117570877,0.12551099732518195,45.41302838908391,1.7366358848598056,
matrix_rest,matrix_rest,5fps/qhd/pinhole_a,5,qhd,pinhole_a,PINHOLE,original_gs,sts,success,1786,pipeline_run step sum,30,0.008333333333333333,28.719432485315437,0.8877927382787069,0.11964402236044407,61.979729342953796,2.0821857562022554,
matrix_rest,matrix_rest,5fps/qhd/simple_radial_sugar,5,qhd,simple_radial_sugar,SIMPLE_RADIAL,sugar_coarse,sts,failed,1764,pipeline_run step sum,30,0.008333333333333333,28.146120503360272,0.8861027578512828,0.11757898119588693,,,SuGaR render helper import failed: sugar_scene unavailable
matrix_sugar_followup_12,SuGaR follow-up,2fps/720p/opencv_sugar,2,720p,opencv_sugar_coarse,OPENCV,sugar_coarse,sugar_coarse,success,2117,pipeline_run step sum,12,0.0,21.775156393060087,0.747405802210172,0.15349433509012064,38.42999259411773,1.0891825959598789,
matrix_sugar_followup_12,SuGaR follow-up,2fps/720p/simple_radial_sugar,2,720p,simple_radial_sugar_coarse,SIMPLE_RADIAL,sugar_coarse,sugar_coarse,success,2065,pipeline_run step sum,12,0.0,21.6036526305262,0.7518817782402039,0.1545456706856688,33.87340506472163,0.9842151592655196,
matrix_sugar_followup_12,SuGaR follow-up,2fps/low/opencv_sugar,2,low,opencv_sugar_coarse,OPENCV,sugar_coarse,sugar_coarse,success,1309,pipeline_run step sum,12,0.020833333333333332,21.720078199136083,0.7219708909591039,0.12735538029422364,49.94606532601992,2.2893536436678343,
matrix_sugar_followup_12,SuGaR follow-up,2fps/low/simple_radial_sugar,2,low,simple_radial_sugar_coarse,SIMPLE_RADIAL,sugar_coarse,sugar_coarse,success,1142,pipeline_run step sum,12,0.020833333333333332,21.941738620206205,0.731632004181544,0.12839596470197043,62.1729164386331,3.2665280090350137,
matrix_sugar_followup_12,SuGaR follow-up,2fps/qhd/opencv_sugar,2,qhd,opencv_sugar_coarse,OPENCV,sugar_coarse,sugar_coarse,success,1694,pipeline_run step sum,12,0.020833333333333332,22.08118374422233,0.7512898941834768,0.12767535044501224,79.18769858135948,2.8047590996939604,
matrix_sugar_followup_12,SuGaR follow-up,2fps/qhd/simple_radial_sugar,2,qhd,simple_radial_sugar_coarse,SIMPLE_RADIAL,sugar_coarse,sugar_coarse,success,1578,pipeline_run step sum,12,0.020833333333333332,21.803442878999608,0.7499074339866638,0.13049115675191084,65.62578468264698,2.495276984131064,
matrix_sugar_followup_12,SuGaR follow-up,5fps/720p/opencv_sugar,5,720p,opencv_sugar_coarse,OPENCV,sugar_coarse,sugar_coarse,success,2229,pipeline_run step sum,30,0.0,21.129953361328774,0.7796898146470388,0.15278798701862495,35.2252448668112,0.9481896330231818,
matrix_sugar_followup_12,SuGaR follow-up,5fps/720p/simple_radial_sugar,5,720p,simple_radial_sugar_coarse,SIMPLE_RADIAL,sugar_coarse,sugar_coarse,success,2241,pipeline_run step sum,30,0.0,21.155833774373743,0.7763072808583578,0.15229462906718255,34.709737208899604,0.9293102331700027,
matrix_sugar_followup_12,SuGaR follow-up,5fps/low/opencv_sugar,5,low,opencv_sugar_coarse,OPENCV,sugar_coarse,sugar_coarse,success,1270,pipeline_run step sum,30,0.0,21.896778506240096,0.7762713154157003,0.12357727997004986,91.56378785976808,4.325848245343374,
matrix_sugar_followup_12,SuGaR follow-up,5fps/low/simple_radial_sugar,5,low,simple_radial_sugar_coarse,SIMPLE_RADIAL,sugar_coarse,sugar_coarse,success,1276,pipeline_run step sum,30,0.0,21.831374357304686,0.7719941377639771,0.12377006361881891,86.59424933555142,4.071829906060412,
matrix_sugar_followup_12,SuGaR follow-up,5fps/qhd/opencv_sugar,5,qhd,opencv_sugar_coarse,OPENCV,sugar_coarse,sugar_coarse,success,1792,pipeline_run step sum,30,0.008333333333333333,21.16734882699988,0.7771640419960022,0.1456508836398522,42.759144755402566,1.4316677931496395,
matrix_sugar_followup_12,SuGaR follow-up,5fps/qhd/simple_radial_sugar,5,qhd,simple_radial_sugar_coarse,SIMPLE_RADIAL,sugar_coarse,sugar_coarse,success,1785,pipeline_run step sum,30,0.008333333333333333,21.571420849312776,0.7730509440104166,0.15094675831496715,48.84310976239021,1.64178520209715,
