stage,camera_model,camera_short,route,fps,resolution,complete,frame,psnr_masked,ssim_masked,lpips_masked
sugar_coarse,SIMPLE_RADIAL,SR,SuGaR-Coarse,2,720p,True,00000.jpg,18.75836065511715,0.6889812350273132,0.29572296142578125
sugar_coarse,SIMPLE_RADIAL,SR,SuGaR-Coarse,2,720p,True,00008.jpg,17.585510621841713,0.7497153282165527,0.16260658204555511
sugar_coarse,SIMPLE_RADIAL,SR,SuGaR-Coarse,2,720p,True,00016.jpg,19.404108309389553,0.6545640826225281,0.059853143990039825
sugar_coarse,SIMPLE_RADIAL,SR,SuGaR-Coarse,2,720p,True,00024.jpg,26.83805218142315,0.7961392998695374,0.15928193926811218
sugar_coarse,SIMPLE_RADIAL,SR,SuGaR-Coarse,2,720p,True,00032.jpg,28.515589580853952,0.8504640460014343,0.048681363463401794
sugar_coarse,SIMPLE_RADIAL,SR,SuGaR-Coarse,2,720p,True,00040.jpg,22.870261245697918,0.8152766227722168,0.056880246847867966
sugar_coarse,SIMPLE_RADIAL,SR,SuGaR-Coarse,2,720p,True,00048.jpg,20.273027805603526,0.7054914832115173,0.27204519510269165
sugar_coarse,SIMPLE_RADIAL,SR,SuGaR-Coarse,2,720p,True,00056.jpg,20.706125527639685,0.7369293570518494,0.28681322932243347
sugar_coarse,SIMPLE_RADIAL,SR,SuGaR-Coarse,2,720p,True,00064.jpg,17.773310615789754,0.6998838186264038,0.10798583924770355
sugar_coarse,SIMPLE_RADIAL,SR,SuGaR-Coarse,2,720p,True,00072.jpg,18.328798762661634,0.695446252822876,0.11601969599723816
sugar_coarse,SIMPLE_RADIAL,SR,SuGaR-Coarse,2,720p,True,00080.jpg,24.114881646990977,0.8154299259185791,0.103502057492733
sugar_coarse,SIMPLE_RADIAL,SR,SuGaR-Coarse,2,720p,True,00088.jpg,24.563307865665692,0.8255347013473511,0.18419359624385834
sugar_coarse,SIMPLE_RADIAL,SR,SuGaR-Coarse,2,qhd,True,00000.jpg,18.961765072004187,0.7146967053413391,0.23341435194015503
sugar_coarse,SIMPLE_RADIAL,SR,SuGaR-Coarse,2,qhd,True,00008.jpg,17.680898168798315,0.7338018417358398,0.07064308226108551
sugar_coarse,SIMPLE_RADIAL,SR,SuGaR-Coarse,2,qhd,True,00016.jpg,19.31546695661764,0.655367374420166,0.06081942468881607
sugar_coarse,SIMPLE_RADIAL,SR,SuGaR-Coarse,2,qhd,True,00024.jpg,26.242679438231246,0.7865727543830872,0.14372751116752625
sugar_coarse,SIMPLE_RADIAL,SR,SuGaR-Coarse,2,qhd,True,00032.jpg,28.01625065461138,0.8321628570556641,0.03852992132306099
sugar_coarse,SIMPLE_RADIAL,SR,SuGaR-Coarse,2,qhd,True,00040.jpg,22.962806740119333,0.8149378299713135,0.05533934384584427
sugar_coarse,SIMPLE_RADIAL,SR,SuGaR-Coarse,2,qhd,True,00048.jpg,19.985253979052814,0.7028335332870483,0.24364954233169556
sugar_coarse,SIMPLE_RADIAL,SR,SuGaR-Coarse,2,qhd,True,00058.jpg,19.051520259859544,0.5954333543777466,0.2363107055425644
sugar_coarse,SIMPLE_RADIAL,SR,SuGaR-Coarse,2,qhd,True,00066.jpg,19.198670014321024,0.7697338461875916,0.1137821152806282
sugar_coarse,SIMPLE_RADIAL,SR,SuGaR-Coarse,2,qhd,True,00074.jpg,20.042571263259873,0.7317767143249512,0.05904862657189369
sugar_coarse,SIMPLE_RADIAL,SR,SuGaR-Coarse,2,qhd,True,00082.jpg,25.394959745186583,0.8131325244903564,0.06579288840293884
sugar_coarse,SIMPLE_RADIAL,SR,SuGaR-Coarse,2,qhd,True,00090.jpg,24.608017258501395,0.7855697274208069,0.22428281605243683
sugar_coarse,SIMPLE_RADIAL,SR,SuGaR-Coarse,2,low,True,00000.jpg,19.723766336011536,0.7640310525894165,0.19051939249038696
sugar_coarse,SIMPLE_RADIAL,SR,SuGaR-Coarse,2,low,True,00008.jpg,17.888108602305934,0.7234678864479065,0.13936011493206024
sugar_coarse,SIMPLE_RADIAL,SR,SuGaR-Coarse,2,low,True,00016.jpg,19.973513531158723,0.6402486562728882,0.0647507980465889
sugar_coarse,SIMPLE_RADIAL,SR,SuGaR-Coarse,2,low,True,00024.jpg,26.346835176498082,0.7609201073646545,0.14123059809207916
sugar_coarse,SIMPLE_RADIAL,SR,SuGaR-Coarse,2,low,True,00032.jpg,27.999433442912924,0.8040515184402466,0.03365762159228325
sugar_coarse,SIMPLE_RADIAL,SR,SuGaR-Coarse,2,low,True,00040.jpg,23.60026135914056,0.7847662568092346,0.05233722925186157
sugar_coarse,SIMPLE_RADIAL,SR,SuGaR-Coarse,2,low,True,00048.jpg,19.80309012000778,0.7093075513839722,0.23248091340065002
sugar_coarse,SIMPLE_RADIAL,SR,SuGaR-Coarse,2,low,True,00058.jpg,19.619150477839035,0.6228961944580078,0.2285110354423523
sugar_coarse,SIMPLE_RADIAL,SR,SuGaR-Coarse,2,low,True,00066.jpg,18.35063429937788,0.7097703814506531,0.07480129599571228
sugar_coarse,SIMPLE_RADIAL,SR,SuGaR-Coarse,2,low,True,00074.jpg,20.327856257848012,0.7651287913322449,0.06414516270160675
sugar_coarse,SIMPLE_RADIAL,SR,SuGaR-Coarse,2,low,True,00082.jpg,25.42078156447332,0.7712340950965881,0.11592772603034973
sugar_coarse,SIMPLE_RADIAL,SR,SuGaR-Coarse,2,low,True,00090.jpg,24.626797767581042,0.7532789707183838,0.17656590044498444
sugar_coarse,SIMPLE_RADIAL,SR,SuGaR-Coarse,5,720p,True,00000.jpg,20.611807096984744,0.7601516246795654,0.19708648324012756
sugar_coarse,SIMPLE_RADIAL,SR,SuGaR-Coarse,5,720p,True,00008.jpg,20.239427749915787,0.7782323360443115,0.20237481594085693
sugar_coarse,SIMPLE_RADIAL,SR,SuGaR-Coarse,5,720p,True,00016.jpg,19.319118210901337,0.7432862520217896,0.16180282831192017
sugar_coarse,SIMPLE_RADIAL,SR,SuGaR-Coarse,5,720p,True,00024.jpg,18.42731743464364,0.7434947490692139,0.18061840534210205
sugar_coarse,SIMPLE_RADIAL,SR,SuGaR-Coarse,5,720p,True,00032.jpg,17.009193082214654,0.7314130663871765,0.15550905466079712
sugar_coarse,SIMPLE_RADIAL,SR,SuGaR-Coarse,5,720p,True,00040.jpg,20.448643287676326,0.7461068034172058,0.04925307258963585
sugar_coarse,SIMPLE_RADIAL,SR,SuGaR-Coarse,5,720p,True,00048.jpg,20.262280630117996,0.7112234234809875,0.05490787327289581
sugar_coarse,SIMPLE_RADIAL,SR,SuGaR-Coarse,5,720p,True,00056.jpg,24.2810865403216,0.8067910075187683,0.08806662261486053
sugar_coarse,SIMPLE_RADIAL,SR,SuGaR-Coarse,5,720p,True,00064.jpg,23.42713276830621,0.7953924536705017,0.16728398203849792
sugar_coarse,SIMPLE_RADIAL,SR,SuGaR-Coarse,5,720p,True,00072.jpg,21.432801787203996,0.7745856642723083,0.1549731343984604
sugar_coarse,SIMPLE_RADIAL,SR,SuGaR-Coarse,5,720p,True,00080.jpg,13.8554347683798,0.7135999798774719,0.0778447687625885
sugar_coarse,SIMPLE_RADIAL,SR,SuGaR-Coarse,5,720p,True,00088.jpg,27.798190170217246,0.8523282408714294,0.14128679037094116
sugar_coarse,SIMPLE_RADIAL,SR,SuGaR-Coarse,5,720p,True,00096.jpg,20.68027148690044,0.793755054473877,0.06075252592563629
sugar_coarse,SIMPLE_RADIAL,SR,SuGaR-Coarse,5,720p,True,00104.jpg,18.84686503758949,0.7665660977363586,0.06808234006166458
sugar_coarse,SIMPLE_RADIAL,SR,SuGaR-Coarse,5,720p,True,00112.jpg,21.53168968813166,0.7169200778007507,0.19389608502388
sugar_coarse,SIMPLE_RADIAL,SR,SuGaR-Coarse,5,720p,True,00120.jpg,20.07205231408756,0.7272183299064636,0.25853246450424194
sugar_coarse,SIMPLE_RADIAL,SR,SuGaR-Coarse,5,720p,True,00128.jpg,20.560305726444604,0.74745774269104,0.2440066784620285
sugar_coarse,SIMPLE_RADIAL,SR,SuGaR-Coarse,5,720p,True,00136.jpg,21.08299036519775,0.7821605801582336,0.25729596614837646
sugar_coarse,SIMPLE_RADIAL,SR,SuGaR-Coarse,5,720p,True,00144.jpg,23.05272050353926,0.8180955648422241,0.2098279893398285
sugar_coarse,SIMPLE_RADIAL,SR,SuGaR-Coarse,5,720p,True,00152.jpg,24.30086054194235,0.8077483773231506,0.11243198812007904
sugar_coarse,SIMPLE_RADIAL,SR,SuGaR-Coarse,5,720p,True,00160.jpg,19.0160085751518,0.794560432434082,0.09196528792381287
sugar_coarse,SIMPLE_RADIAL,SR,SuGaR-Coarse,5,720p,True,00168.jpg,19.888472429668422,0.8078137636184692,0.07429750263690948
sugar_coarse,SIMPLE_RADIAL,SR,SuGaR-Coarse,5,720p,True,00176.jpg,19.589506625817926,0.7695431709289551,0.09637624025344849
sugar_coarse,SIMPLE_RADIAL,SR,SuGaR-Coarse,5,720p,True,00184.jpg,19.098518295765274,0.7529823184013367,0.10907919704914093
sugar_coarse,SIMPLE_RADIAL,SR,SuGaR-Coarse,5,720p,True,00192.jpg,18.006668209943328,0.7275968194007874,0.21198204159736633
sugar_coarse,SIMPLE_RADIAL,SR,SuGaR-Coarse,5,720p,True,00200.jpg,22.600535998355138,0.8179247975349426,0.07876913249492645
sugar_coarse,SIMPLE_RADIAL,SR,SuGaR-Coarse,5,720p,True,00208.jpg,25.921305053747968,0.8692209124565125,0.18125464022159576
sugar_coarse,SIMPLE_RADIAL,SR,SuGaR-Coarse,5,720p,True,00216.jpg,25.091139673731362,0.84116131067276,0.20417723059654236
sugar_coarse,SIMPLE_RADIAL,SR,SuGaR-Coarse,5,720p,True,00224.jpg,25.765401286389018,0.8482297658920288,0.22092831134796143
sugar_coarse,SIMPLE_RADIAL,SR,SuGaR-Coarse,5,720p,True,00232.jpg,24.46840447382316,0.803273618221283,0.2330409586429596
sugar_coarse,SIMPLE_RADIAL,SR,SuGaR-Coarse,5,qhd,True,00000.jpg,19.56505462889075,0.7453452348709106,0.2327263057231903
sugar_coarse,SIMPLE_RADIAL,SR,SuGaR-Coarse,5,qhd,True,00008.jpg,20.37056431299463,0.7324955463409424,0.1810925304889679
sugar_coarse,SIMPLE_RADIAL,SR,SuGaR-Coarse,5,qhd,True,00016.jpg,19.36702471480715,0.73270183801651,0.17334946990013123
sugar_coarse,SIMPLE_RADIAL,SR,SuGaR-Coarse,5,qhd,True,00024.jpg,18.210385230198987,0.7268807291984558,0.1984533667564392
sugar_coarse,SIMPLE_RADIAL,SR,SuGaR-Coarse,5,qhd,True,00032.jpg,17.156914456121136,0.7807347774505615,0.13337740302085876
sugar_coarse,SIMPLE_RADIAL,SR,SuGaR-Coarse,5,qhd,True,00040.jpg,20.45643284462173,0.7722799181938171,0.04942584037780762
sugar_coarse,SIMPLE_RADIAL,SR,SuGaR-Coarse,5,qhd,True,00048.jpg,21.165257684369262,0.7419658899307251,0.05527660995721817
sugar_coarse,SIMPLE_RADIAL,SR,SuGaR-Coarse,5,qhd,True,00056.jpg,24.127782894727243,0.7843112349510193,0.13253265619277954
sugar_coarse,SIMPLE_RADIAL,SR,SuGaR-Coarse,5,qhd,True,00064.jpg,23.36375044835924,0.7665117383003235,0.14272069931030273
sugar_coarse,SIMPLE_RADIAL,SR,SuGaR-Coarse,5,qhd,True,00072.jpg,21.046479450485577,0.7578048706054688,0.15355317294597626
sugar_coarse,SIMPLE_RADIAL,SR,SuGaR-Coarse,5,qhd,True,00080.jpg,26.09927733302781,0.7419856190681458,0.06629635393619537
sugar_coarse,SIMPLE_RADIAL,SR,SuGaR-Coarse,5,qhd,True,00088.jpg,27.64434208940088,0.8584914803504944,0.11273780465126038
sugar_coarse,SIMPLE_RADIAL,SR,SuGaR-Coarse,5,qhd,True,00096.jpg,19.44930047005215,0.7821875810623169,0.05913601070642471
sugar_coarse,SIMPLE_RADIAL,SR,SuGaR-Coarse,5,qhd,True,00104.jpg,18.715707316848423,0.775597095489502,0.06629756093025208
sugar_coarse,SIMPLE_RADIAL,SR,SuGaR-Coarse,5,qhd,True,00112.jpg,21.55409995726651,0.6869040131568909,0.2200191468000412
sugar_coarse,SIMPLE_RADIAL,SR,SuGaR-Coarse,5,qhd,True,00120.jpg,20.447366636049026,0.7358418107032776,0.25596240162849426
sugar_coarse,SIMPLE_RADIAL,SR,SuGaR-Coarse,5,qhd,True,00128.jpg,21.107965362507294,0.7670079469680786,0.22011858224868774
sugar_coarse,SIMPLE_RADIAL,SR,SuGaR-Coarse,5,qhd,True,00136.jpg,20.98775609366872,0.7792824506759644,0.2540258765220642
sugar_coarse,SIMPLE_RADIAL,SR,SuGaR-Coarse,5,qhd,True,00144.jpg,18.943652649900006,0.6614082455635071,0.2533232867717743
sugar_coarse,SIMPLE_RADIAL,SR,SuGaR-Coarse,5,qhd,True,00154.jpg,21.141832131997923,0.8016458749771118,0.05368446186184883
sugar_coarse,SIMPLE_RADIAL,SR,SuGaR-Coarse,5,qhd,True,00162.jpg,18.903804511545232,0.7625038623809814,0.11260094493627548
sugar_coarse,SIMPLE_RADIAL,SR,SuGaR-Coarse,5,qhd,True,00170.jpg,19.924139109961622,0.7986388802528381,0.117881178855896
sugar_coarse,SIMPLE_RADIAL,SR,SuGaR-Coarse,5,qhd,True,00178.jpg,19.681902481923967,0.7720547914505005,0.09068576991558075
sugar_coarse,SIMPLE_RADIAL,SR,SuGaR-Coarse,5,qhd,True,00186.jpg,20.74669470427193,0.7834543585777283,0.122555673122406
sugar_coarse,SIMPLE_RADIAL,SR,SuGaR-Coarse,5,qhd,True,00194.jpg,19.446502999624254,0.7789667248725891,0.21685244143009186
sugar_coarse,SIMPLE_RADIAL,SR,SuGaR-Coarse,5,qhd,True,00202.jpg,24.288645255026843,0.8000157475471497,0.10491354763507843
sugar_coarse,SIMPLE_RADIAL,SR,SuGaR-Coarse,5,qhd,True,00210.jpg,25.050190409465955,0.8365409970283508,0.19445320963859558
sugar_coarse,SIMPLE_RADIAL,SR,SuGaR-Coarse,5,qhd,True,00218.jpg,24.203714255394434,0.8261780738830566,0.11951249837875366
sugar_coarse,SIMPLE_RADIAL,SR,SuGaR-Coarse,5,qhd,True,00226.jpg,25.8967603843772,0.8045631647109985,0.22231930494308472
sugar_coarse,SIMPLE_RADIAL,SR,SuGaR-Coarse,5,qhd,True,00234.jpg,22.444788004073672,0.7625386714935303,0.24430103600025177
sugar_coarse,SIMPLE_RADIAL,SR,SuGaR-Coarse,5,low,True,00000.jpg,21.255887005995785,0.7841792702674866,0.17610496282577515
sugar_coarse,SIMPLE_RADIAL,SR,SuGaR-Coarse,5,low,True,00008.jpg,20.141131462648325,0.7483190298080444,0.1753668338060379
sugar_coarse,SIMPLE_RADIAL,SR,SuGaR-Coarse,5,low,True,00016.jpg,19.331078498405326,0.7563506364822388,0.18045580387115479
sugar_coarse,SIMPLE_RADIAL,SR,SuGaR-Coarse,5,low,True,00024.jpg,18.517660584820554,0.7462694644927979,0.17764092981815338
sugar_coarse,SIMPLE_RADIAL,SR,SuGaR-Coarse,5,low,True,00032.jpg,17.367963980393082,0.7377039790153503,0.1534796953201294
sugar_coarse,SIMPLE_RADIAL,SR,SuGaR-Coarse,5,low,True,00040.jpg,20.50488226108133,0.7328951954841614,0.05502025783061981
sugar_coarse,SIMPLE_RADIAL,SR,SuGaR-Coarse,5,low,True,00048.jpg,21.43846674773348,0.7203941941261292,0.052942462265491486
sugar_coarse,SIMPLE_RADIAL,SR,SuGaR-Coarse,5,low,True,00056.jpg,23.633596466170943,0.7510915994644165,0.09411657601594925
sugar_coarse,SIMPLE_RADIAL,SR,SuGaR-Coarse,5,low,True,00064.jpg,25.22818682123004,0.7479726672172546,0.10541567206382751
sugar_coarse,SIMPLE_RADIAL,SR,SuGaR-Coarse,5,low,True,00072.jpg,22.977979834637896,0.7231741547584534,0.10288841277360916
sugar_coarse,SIMPLE_RADIAL,SR,SuGaR-Coarse,5,low,True,00080.jpg,26.753496054810352,0.7460201978683472,0.052456699311733246
sugar_coarse,SIMPLE_RADIAL,SR,SuGaR-Coarse,5,low,True,00088.jpg,26.04957304677979,0.8346203565597534,0.0947929173707962
sugar_coarse,SIMPLE_RADIAL,SR,SuGaR-Coarse,5,low,True,00096.jpg,18.664032150798636,0.7531074285507202,0.048394426703453064
sugar_coarse,SIMPLE_RADIAL,SR,SuGaR-Coarse,5,low,True,00104.jpg,20.826307635584286,0.7850328087806702,0.0581832118332386
sugar_coarse,SIMPLE_RADIAL,SR,SuGaR-Coarse,5,low,True,00112.jpg,21.61541783011768,0.7215943932533264,0.18431392312049866
sugar_coarse,SIMPLE_RADIAL,SR,SuGaR-Coarse,5,low,True,00120.jpg,20.60146184323511,0.7297185063362122,0.20916154980659485
sugar_coarse,SIMPLE_RADIAL,SR,SuGaR-Coarse,5,low,True,00128.jpg,20.881152981142566,0.7915727496147156,0.18886134028434753
sugar_coarse,SIMPLE_RADIAL,SR,SuGaR-Coarse,5,low,True,00136.jpg,20.67334486629962,0.7975525259971619,0.20565924048423767
sugar_coarse,SIMPLE_RADIAL,SR,SuGaR-Coarse,5,low,True,00144.jpg,23.861423241079834,0.7803846597671509,0.20838066935539246
sugar_coarse,SIMPLE_RADIAL,SR,SuGaR-Coarse,5,low,True,00152.jpg,24.144943896932425,0.8565340638160706,0.08850906789302826
sugar_coarse,SIMPLE_RADIAL,SR,SuGaR-Coarse,5,low,True,00160.jpg,18.97272514988884,0.7671083211898804,0.09668280929327011
sugar_coarse,SIMPLE_RADIAL,SR,SuGaR-Coarse,5,low,True,00168.jpg,19.833509576651974,0.7957485914230347,0.08935268223285675
sugar_coarse,SIMPLE_RADIAL,SR,SuGaR-Coarse,5,low,True,00176.jpg,19.538402595751737,0.7932767271995544,0.0915185809135437
sugar_coarse,SIMPLE_RADIAL,SR,SuGaR-Coarse,5,low,True,00184.jpg,18.528589003656343,0.770851731300354,0.08906731009483337
sugar_coarse,SIMPLE_RADIAL,SR,SuGaR-Coarse,5,low,True,00192.jpg,19.170365019767452,0.7645178437232971,0.0609610490500927
sugar_coarse,SIMPLE_RADIAL,SR,SuGaR-Coarse,5,low,True,00200.jpg,23.755188456362152,0.7686395049095154,0.07287082076072693
sugar_coarse,SIMPLE_RADIAL,SR,SuGaR-Coarse,5,low,True,00208.jpg,26.51442103789052,0.8367323279380798,0.14517997205257416
sugar_coarse,SIMPLE_RADIAL,SR,SuGaR-Coarse,5,low,True,00216.jpg,24.314856633244126,0.7982394695281982,0.14681291580200195
sugar_coarse,SIMPLE_RADIAL,SR,SuGaR-Coarse,5,low,True,00224.jpg,24.457569120312066,0.8073582649230957,0.16227930784225464
sugar_coarse,SIMPLE_RADIAL,SR,SuGaR-Coarse,5,low,True,00232.jpg,23.696923537940226,0.7374389171600342,0.16730070114135742
sugar_coarse,OPENCV,OPENCV,SuGaR-Coarse,2,720p,True,00000.jpg,19.078717523954474,0.6812204122543335,0.2923087477684021
sugar_coarse,OPENCV,OPENCV,SuGaR-Coarse,2,720p,True,00008.jpg,17.62030859157649,0.7511983513832092,0.16843995451927185
sugar_coarse,OPENCV,OPENCV,SuGaR-Coarse,2,720p,True,00016.jpg,19.93031652251203,0.6608363389968872,0.058702774345874786
sugar_coarse,OPENCV,OPENCV,SuGaR-Coarse,2,720p,True,00024.jpg,26.17326494297522,0.7692673206329346,0.1768239289522171
sugar_coarse,OPENCV,OPENCV,SuGaR-Coarse,2,720p,True,00032.jpg,26.23653556034778,0.8006998896598816,0.05724719911813736
sugar_coarse,OPENCV,OPENCV,SuGaR-Coarse,2,720p,True,00040.jpg,23.343201434826764,0.8165477514266968,0.05330852419137955
sugar_coarse,OPENCV,OPENCV,SuGaR-Coarse,2,720p,True,00048.jpg,19.98460262273864,0.6850451827049255,0.2716546356678009
sugar_coarse,OPENCV,OPENCV,SuGaR-Coarse,2,720p,True,00056.jpg,20.89128633987268,0.7288559079170227,0.2772485017776489
sugar_coarse,OPENCV,OPENCV,SuGaR-Coarse,2,720p,True,00064.jpg,18.09988008685987,0.7135199904441833,0.10490749776363373
sugar_coarse,OPENCV,OPENCV,SuGaR-Coarse,2,720p,True,00072.jpg,18.602755233496733,0.6892799139022827,0.11951941251754761
sugar_coarse,OPENCV,OPENCV,SuGaR-Coarse,2,720p,True,00080.jpg,24.675763338431697,0.8020834922790527,0.11235404759645462
sugar_coarse,OPENCV,OPENCV,SuGaR-Coarse,2,720p,True,00088.jpg,25.012810285074746,0.8149218559265137,0.18908917903900146
sugar_coarse,OPENCV,OPENCV,SuGaR-Coarse,2,qhd,True,00000.jpg,20.597021640986206,0.7444874048233032,0.23070114850997925
sugar_coarse,OPENCV,OPENCV,SuGaR-Coarse,2,qhd,True,00008.jpg,17.734402250440368,0.7378243207931519,0.06994356215000153
sugar_coarse,OPENCV,OPENCV,SuGaR-Coarse,2,qhd,True,00016.jpg,19.857265724548732,0.6560468673706055,0.06034965068101883
sugar_coarse,OPENCV,OPENCV,SuGaR-Coarse,2,qhd,True,00024.jpg,26.894071300398995,0.7875275611877441,0.15293079614639282
sugar_coarse,OPENCV,OPENCV,SuGaR-Coarse,2,qhd,True,00032.jpg,27.759876468834843,0.80351722240448,0.04750332981348038
sugar_coarse,OPENCV,OPENCV,SuGaR-Coarse,2,qhd,True,00040.jpg,22.05263147679918,0.8116984367370605,0.05625488609075546
sugar_coarse,OPENCV,OPENCV,SuGaR-Coarse,2,qhd,True,00048.jpg,20.181293124256875,0.6992976665496826,0.2377435266971588
sugar_coarse,OPENCV,OPENCV,SuGaR-Coarse,2,qhd,True,00058.jpg,20.330148138809573,0.642395555973053,0.2265949845314026
sugar_coarse,OPENCV,OPENCV,SuGaR-Coarse,2,qhd,True,00066.jpg,17.80097027705599,0.737788736820221,0.11554291844367981
sugar_coarse,OPENCV,OPENCV,SuGaR-Coarse,2,qhd,True,00074.jpg,19.406340907780855,0.7132404446601868,0.05934785678982735
sugar_coarse,OPENCV,OPENCV,SuGaR-Coarse,2,qhd,True,00082.jpg,25.011048690147895,0.8094435334205627,0.06750482320785522
sugar_coarse,OPENCV,OPENCV,SuGaR-Coarse,2,qhd,True,00090.jpg,24.976280527762963,0.7972001433372498,0.21820227801799774
sugar_coarse,OPENCV,OPENCV,SuGaR-Coarse,2,low,True,00000.jpg,20.3166751200212,0.7646917104721069,0.1787584125995636
sugar_coarse,OPENCV,OPENCV,SuGaR-Coarse,2,low,True,00008.jpg,17.76276637608695,0.7168670892715454,0.13735848665237427
sugar_coarse,OPENCV,OPENCV,SuGaR-Coarse,2,low,True,00016.jpg,19.788649859655298,0.6191872954368591,0.0720147117972374
sugar_coarse,OPENCV,OPENCV,SuGaR-Coarse,2,low,True,00024.jpg,26.481386772422116,0.7553016543388367,0.15264786779880524
sugar_coarse,OPENCV,OPENCV,SuGaR-Coarse,2,low,True,00032.jpg,27.034767668775356,0.7834177017211914,0.03848322108387947
sugar_coarse,OPENCV,OPENCV,SuGaR-Coarse,2,low,True,00040.jpg,23.58713221699712,0.782017171382904,0.05321711301803589
sugar_coarse,OPENCV,OPENCV,SuGaR-Coarse,2,low,True,00048.jpg,19.959459547655197,0.6798290610313416,0.22348472476005554
sugar_coarse,OPENCV,OPENCV,SuGaR-Coarse,2,low,True,00058.jpg,19.78071429088886,0.6546395421028137,0.20119033753871918
sugar_coarse,OPENCV,OPENCV,SuGaR-Coarse,2,low,True,00066.jpg,18.272495591857087,0.7111718654632568,0.06429386138916016
sugar_coarse,OPENCV,OPENCV,SuGaR-Coarse,2,low,True,00074.jpg,19.32632534218671,0.6979125738143921,0.06354797631502151
sugar_coarse,OPENCV,OPENCV,SuGaR-Coarse,2,low,True,00082.jpg,25.251909276727865,0.7756216526031494,0.12062055617570877
sugar_coarse,OPENCV,OPENCV,SuGaR-Coarse,2,low,True,00090.jpg,23.56329381364224,0.7182918190956116,0.21265669167041779
sugar_coarse,OPENCV,OPENCV,SuGaR-Coarse,5,720p,True,00000.jpg,20.51976254075241,0.7589752078056335,0.2118855118751526
sugar_coarse,OPENCV,OPENCV,SuGaR-Coarse,5,720p,True,00008.jpg,19.88454074585147,0.7828156352043152,0.20184442400932312
sugar_coarse,OPENCV,OPENCV,SuGaR-Coarse,5,720p,True,00016.jpg,19.261385772831638,0.7578548192977905,0.16060756146907806
sugar_coarse,OPENCV,OPENCV,SuGaR-Coarse,5,720p,True,00024.jpg,18.43643782714456,0.7638447284698486,0.188585102558136
sugar_coarse,OPENCV,OPENCV,SuGaR-Coarse,5,720p,True,00032.jpg,17.02689572378501,0.7488522529602051,0.15056061744689941
sugar_coarse,OPENCV,OPENCV,SuGaR-Coarse,5,720p,True,00040.jpg,19.910124492805203,0.7388635277748108,0.04958972707390785
sugar_coarse,OPENCV,OPENCV,SuGaR-Coarse,5,720p,True,00048.jpg,19.476970597422103,0.7014596462249756,0.0545927956700325
sugar_coarse,OPENCV,OPENCV,SuGaR-Coarse,5,720p,True,00056.jpg,23.234168169234493,0.7849200963973999,0.091045081615448
sugar_coarse,OPENCV,OPENCV,SuGaR-Coarse,5,720p,True,00064.jpg,22.303984806446895,0.7883127927780151,0.16952621936798096
sugar_coarse,OPENCV,OPENCV,SuGaR-Coarse,5,720p,True,00072.jpg,20.02691982519787,0.6991217136383057,0.18284755945205688
sugar_coarse,OPENCV,OPENCV,SuGaR-Coarse,5,720p,True,00080.jpg,13.724963535621262,0.6796576380729675,0.07749641686677933
sugar_coarse,OPENCV,OPENCV,SuGaR-Coarse,5,720p,True,00088.jpg,26.839897128300862,0.8400397896766663,0.14085862040519714
sugar_coarse,OPENCV,OPENCV,SuGaR-Coarse,5,720p,True,00096.jpg,21.042922964457524,0.803433895111084,0.05956748500466347
sugar_coarse,OPENCV,OPENCV,SuGaR-Coarse,5,720p,True,00104.jpg,18.354167866912505,0.7628236413002014,0.06888152658939362
sugar_coarse,OPENCV,OPENCV,SuGaR-Coarse,5,720p,True,00112.jpg,21.383701607224594,0.7142074108123779,0.18624356389045715
sugar_coarse,OPENCV,OPENCV,SuGaR-Coarse,5,720p,True,00120.jpg,20.17530433653402,0.7407219409942627,0.2578951120376587
sugar_coarse,OPENCV,OPENCV,SuGaR-Coarse,5,720p,True,00128.jpg,20.579716990754772,0.761627197265625,0.244850754737854
sugar_coarse,OPENCV,OPENCV,SuGaR-Coarse,5,720p,True,00136.jpg,21.013712603802,0.7890509366989136,0.24458295106887817
sugar_coarse,OPENCV,OPENCV,SuGaR-Coarse,5,720p,True,00144.jpg,23.47263150334657,0.8232210874557495,0.21054017543792725
sugar_coarse,OPENCV,OPENCV,SuGaR-Coarse,5,720p,True,00152.jpg,24.329518304319492,0.8165680170059204,0.11101067066192627
sugar_coarse,OPENCV,OPENCV,SuGaR-Coarse,5,720p,True,00160.jpg,19.220993289785085,0.8058671951293945,0.09639118611812592
sugar_coarse,OPENCV,OPENCV,SuGaR-Coarse,5,720p,True,00168.jpg,20.044570690019363,0.8179662227630615,0.07324846088886261
sugar_coarse,OPENCV,OPENCV,SuGaR-Coarse,5,720p,True,00176.jpg,19.89085886637301,0.7867287993431091,0.09474901854991913
sugar_coarse,OPENCV,OPENCV,SuGaR-Coarse,5,720p,True,00184.jpg,19.860442634119384,0.7602195739746094,0.11002779006958008
sugar_coarse,OPENCV,OPENCV,SuGaR-Coarse,5,720p,True,00192.jpg,19.106715047783688,0.7710831165313721,0.2009710967540741
sugar_coarse,OPENCV,OPENCV,SuGaR-Coarse,5,720p,True,00200.jpg,22.788543430284594,0.8108224272727966,0.07473231106996536
sugar_coarse,OPENCV,OPENCV,SuGaR-Coarse,5,720p,True,00208.jpg,27.13444110749832,0.8752011656761169,0.17938712239265442
sugar_coarse,OPENCV,OPENCV,SuGaR-Coarse,5,720p,True,00216.jpg,24.484682518539266,0.835503876209259,0.19744457304477692
sugar_coarse,OPENCV,OPENCV,SuGaR-Coarse,5,720p,True,00224.jpg,25.973379952620355,0.8455557227134705,0.21643000841140747
sugar_coarse,OPENCV,OPENCV,SuGaR-Coarse,5,720p,True,00232.jpg,24.35128911479754,0.7957054972648621,0.23884935677051544
sugar_coarse,OPENCV,OPENCV,SuGaR-Coarse,5,qhd,True,00000.jpg,18.00699691672646,0.7072585821151733,0.2563064396381378
sugar_coarse,OPENCV,OPENCV,SuGaR-Coarse,5,qhd,True,00008.jpg,19.935335398774807,0.7159910202026367,0.21711023151874542
sugar_coarse,OPENCV,OPENCV,SuGaR-Coarse,5,qhd,True,00016.jpg,19.40153818668575,0.7189071774482727,0.1962006837129593
sugar_coarse,OPENCV,OPENCV,SuGaR-Coarse,5,qhd,True,00024.jpg,18.267360528764737,0.7429895997047424,0.2222800850868225
sugar_coarse,OPENCV,OPENCV,SuGaR-Coarse,5,qhd,True,00032.jpg,16.929736587244314,0.7644526362419128,0.1467105597257614
sugar_coarse,OPENCV,OPENCV,SuGaR-Coarse,5,qhd,True,00040.jpg,19.9669986378902,0.7309994697570801,0.054774120450019836
sugar_coarse,OPENCV,OPENCV,SuGaR-Coarse,5,qhd,True,00048.jpg,20.856230666628228,0.7153714299201965,0.0581258200109005
sugar_coarse,OPENCV,OPENCV,SuGaR-Coarse,5,qhd,True,00056.jpg,23.86488166180282,0.778863787651062,0.12836576998233795
sugar_coarse,OPENCV,OPENCV,SuGaR-Coarse,5,qhd,True,00064.jpg,23.12219144146436,0.7744836807250977,0.13781993091106415
sugar_coarse,OPENCV,OPENCV,SuGaR-Coarse,5,qhd,True,00072.jpg,21.03831821488125,0.7888430953025818,0.12722648680210114
sugar_coarse,OPENCV,OPENCV,SuGaR-Coarse,5,qhd,True,00080.jpg,27.179570618592585,0.7777223587036133,0.061446160078048706
sugar_coarse,OPENCV,OPENCV,SuGaR-Coarse,5,qhd,True,00088.jpg,27.263324695632683,0.8522759079933167,0.12030653655529022
sugar_coarse,OPENCV,OPENCV,SuGaR-Coarse,5,qhd,True,00096.jpg,19.564254062796152,0.7830489277839661,0.06064026057720184
sugar_coarse,OPENCV,OPENCV,SuGaR-Coarse,5,qhd,True,00104.jpg,19.450039140498344,0.7689375877380371,0.0705786794424057
sugar_coarse,OPENCV,OPENCV,SuGaR-Coarse,5,qhd,True,00112.jpg,22.09804952850694,0.7103075981140137,0.22132518887519836
sugar_coarse,OPENCV,OPENCV,SuGaR-Coarse,5,qhd,True,00120.jpg,20.358828221597545,0.7292658090591431,0.26819270849227905
sugar_coarse,OPENCV,OPENCV,SuGaR-Coarse,5,qhd,True,00128.jpg,20.527868085831813,0.7651239037513733,0.2457716315984726
sugar_coarse,OPENCV,OPENCV,SuGaR-Coarse,5,qhd,True,00136.jpg,20.57791236585941,0.751331627368927,0.270255982875824
sugar_coarse,OPENCV,OPENCV,SuGaR-Coarse,5,qhd,True,00144.jpg,19.33505662744883,0.640839159488678,0.27841073274612427
sugar_coarse,OPENCV,OPENCV,SuGaR-Coarse,5,qhd,True,00154.jpg,19.307644589484102,0.7089307308197021,0.06650097668170929
sugar_coarse,OPENCV,OPENCV,SuGaR-Coarse,5,qhd,True,00162.jpg,18.854925853004378,0.7505147457122803,0.10929263383150101
sugar_coarse,OPENCV,OPENCV,SuGaR-Coarse,5,qhd,True,00170.jpg,19.79396000630552,0.7870586514472961,0.12580911815166473
sugar_coarse,OPENCV,OPENCV,SuGaR-Coarse,5,qhd,True,00178.jpg,19.664270550305027,0.7666324377059937,0.09216833114624023
sugar_coarse,OPENCV,OPENCV,SuGaR-Coarse,5,qhd,True,00186.jpg,20.734574257831916,0.7902534008026123,0.12848623096942902
sugar_coarse,OPENCV,OPENCV,SuGaR-Coarse,5,qhd,True,00194.jpg,19.957204935991196,0.7587063908576965,0.24076509475708008
sugar_coarse,OPENCV,OPENCV,SuGaR-Coarse,5,qhd,True,00202.jpg,24.564638546807707,0.8185858130455017,0.09980250895023346
sugar_coarse,OPENCV,OPENCV,SuGaR-Coarse,5,qhd,True,00210.jpg,25.474324661851853,0.831240177154541,0.1958402544260025
sugar_coarse,OPENCV,OPENCV,SuGaR-Coarse,5,qhd,True,00218.jpg,23.98963638632503,0.8311118483543396,0.11736226826906204
sugar_coarse,OPENCV,OPENCV,SuGaR-Coarse,5,qhd,True,00226.jpg,25.92771286762922,0.8159963488578796,0.22692930698394775
sugar_coarse,OPENCV,OPENCV,SuGaR-Coarse,5,qhd,True,00234.jpg,23.229615936891634,0.7914513349533081,0.22882980108261108
sugar_coarse,OPENCV,OPENCV,SuGaR-Coarse,5,low,True,00000.jpg,21.956064314438834,0.7833622694015503,0.1688024401664734
sugar_coarse,OPENCV,OPENCV,SuGaR-Coarse,5,low,True,00008.jpg,20.207697624168972,0.7618056535720825,0.19816341996192932
sugar_coarse,OPENCV,OPENCV,SuGaR-Coarse,5,low,True,00016.jpg,19.145014877335832,0.7659134268760681,0.1658756136894226
sugar_coarse,OPENCV,OPENCV,SuGaR-Coarse,5,low,True,00024.jpg,18.48929098031519,0.7597799897193909,0.19978731870651245
sugar_coarse,OPENCV,OPENCV,SuGaR-Coarse,5,low,True,00032.jpg,17.059027138349954,0.7640821933746338,0.15901878476142883
sugar_coarse,OPENCV,OPENCV,SuGaR-Coarse,5,low,True,00040.jpg,20.221995665034854,0.7373801469802856,0.059486497193574905
sugar_coarse,OPENCV,OPENCV,SuGaR-Coarse,5,low,True,00048.jpg,21.908767198217912,0.7089693546295166,0.05040193349123001
sugar_coarse,OPENCV,OPENCV,SuGaR-Coarse,5,low,True,00056.jpg,22.38245231688421,0.7261257171630859,0.0983799397945404
sugar_coarse,OPENCV,OPENCV,SuGaR-Coarse,5,low,True,00064.jpg,22.718882676920398,0.7233302593231201,0.12127320468425751
sugar_coarse,OPENCV,OPENCV,SuGaR-Coarse,5,low,True,00072.jpg,20.706820367287435,0.6843741536140442,0.11252214014530182
sugar_coarse,OPENCV,OPENCV,SuGaR-Coarse,5,low,True,00080.jpg,27.073672710414304,0.7543335556983948,0.045775555074214935
sugar_coarse,OPENCV,OPENCV,SuGaR-Coarse,5,low,True,00088.jpg,27.551977973542424,0.8349924683570862,0.0949144959449768
sugar_coarse,OPENCV,OPENCV,SuGaR-Coarse,5,low,True,00096.jpg,19.127190670257367,0.7725721597671509,0.04018669202923775
sugar_coarse,OPENCV,OPENCV,SuGaR-Coarse,5,low,True,00104.jpg,21.606932564012986,0.7582492828369141,0.058563023805618286
sugar_coarse,OPENCV,OPENCV,SuGaR-Coarse,5,low,True,00112.jpg,22.3989069957535,0.7456231713294983,0.1854269951581955
sugar_coarse,OPENCV,OPENCV,SuGaR-Coarse,5,low,True,00120.jpg,20.542500240096928,0.7474676966667175,0.2304583489894867
sugar_coarse,OPENCV,OPENCV,SuGaR-Coarse,5,low,True,00128.jpg,20.642865851410317,0.8027615547180176,0.2224949598312378
sugar_coarse,OPENCV,OPENCV,SuGaR-Coarse,5,low,True,00136.jpg,20.68142542120878,0.7881185412406921,0.21157632768154144
sugar_coarse,OPENCV,OPENCV,SuGaR-Coarse,5,low,True,00144.jpg,23.53548414062155,0.7798823714256287,0.18035024404525757
sugar_coarse,OPENCV,OPENCV,SuGaR-Coarse,5,low,True,00152.jpg,23.870933875868037,0.8385023474693298,0.08932388573884964
sugar_coarse,OPENCV,OPENCV,SuGaR-Coarse,5,low,True,00160.jpg,18.96119633175254,0.7849915623664856,0.10063781589269638
sugar_coarse,OPENCV,OPENCV,SuGaR-Coarse,5,low,True,00168.jpg,20.26778403599414,0.798091471195221,0.08887594938278198
sugar_coarse,OPENCV,OPENCV,SuGaR-Coarse,5,low,True,00176.jpg,19.79059815101064,0.7896719574928284,0.0923396497964859
sugar_coarse,OPENCV,OPENCV,SuGaR-Coarse,5,low,True,00184.jpg,20.409177893452465,0.7998710870742798,0.08894576132297516
sugar_coarse,OPENCV,OPENCV,SuGaR-Coarse,5,low,True,00192.jpg,20.630746047204237,0.7696174383163452,0.0606393963098526
sugar_coarse,OPENCV,OPENCV,SuGaR-Coarse,5,low,True,00200.jpg,24.27169486986877,0.7857564091682434,0.06473483890295029
sugar_coarse,OPENCV,OPENCV,SuGaR-Coarse,5,low,True,00208.jpg,26.60144303715033,0.8381065130233765,0.13593187928199768
sugar_coarse,OPENCV,OPENCV,SuGaR-Coarse,5,low,True,00216.jpg,24.987224604357312,0.8137044906616211,0.13442613184452057
sugar_coarse,OPENCV,OPENCV,SuGaR-Coarse,5,low,True,00224.jpg,25.07823826049367,0.8102993369102478,0.16009068489074707
sugar_coarse,OPENCV,OPENCV,SuGaR-Coarse,5,low,True,00232.jpg,24.5484159454633,0.7374478578567505,0.17019610106945038
